{"cameraMode":{"drawMode":0,"name":"Shaded","section":"Shading Mode"},"sceneLighting":true,"audioPlay":false,"sceneViewState":{"m_AlwaysRefresh":false,"showFog":true,"showSkybox":true,"showFlares":true,"showImageEffects":true,"showParticleSystems":true,"showVisualEffectGraphs":true,"m_FxEnabled":true},"in2DMode":false,"pivot":{"x":7.438019752502441,"y":2.0874505043029787,"z":-18.261751174926759},"rotation":{"x":0.07858142256736756,"y":-0.8209921717643738,"z":0.11689485609531403,"w":0.5534317493438721},"size":0.03631721809506416,"orthographic":false}